url,time
//lv.mymetal.net/p/21/0521/15/B8B1975331E45E74.html,2021-05-21
//lv.mymetal.net/p/21/0520/15/6064F614E95ED202.html,2021-05-20
//lv.mymetal.net/p/21/0519/15/8F682CC3D6573CE6.html,2021-05-19
//lv.mymetal.net/p/21/0518/15/38E2A92266722280.html,2021-05-18
//lv.mymetal.net/p/21/0517/15/E75A719C259F193D.html,2021-05-17
//lv.mymetal.net/p/21/0516/15/7DC558876898FD4E.html,2021-05-16
//lv.mymetal.net/p/21/0515/15/BD0F08DDD10FDF6C.html,2021-05-15
//lv.mymetal.net/p/21/0514/15/54B77D9F84AF8E83.html,2021-05-14
//lv.mymetal.net/p/21/0513/15/33B7DBA5F1948582.html,2021-05-13
//lv.mymetal.net/p/21/0512/15/9A5DB8CA4124BAC1.html,2021-05-12
//lv.mymetal.net/p/21/0511/15/AAE4AD64257B958A.html,2021-05-11
//lv.mymetal.net/p/21/0510/15/B8B9B27A9085B0F4.html,2021-05-10
//lv.mymetal.net/p/21/0509/15/F91E8C76B01061D2.html,2021-05-09
//lv.mymetal.net/p/21/0508/15/3E60419D56934004.html,2021-05-08
//lv.mymetal.net/p/21/0507/15/A27236946D40F9AB.html,2021-05-07
//lv.mymetal.net/p/21/0506/15/15AA1E850C587C22.html,2021-05-06
//lv.mymetal.net/p/21/0504/15/8E2BB3D2830D87F4.html,2021-05-04
//lv.mymetal.net/p/21/0503/15/6FDC14053D4F3F55.html,2021-05-03
//lv.mymetal.net/p/21/0502/15/ADE9D2C6434AB39C.html,2021-05-02
//lv.mymetal.net/p/21/0501/15/4AFDCFC2E8BBAE61.html,2021-05-01
//lv.mymetal.net/p/21/0430/15/8B163ECE4A3537A6.html,2021-04-30
//lv.mymetal.net/p/21/0429/15/63A551A05618A439.html,2021-04-29
//lv.mymetal.net/p/21/0428/15/F76B688D9C682525.html,2021-04-28
//lv.mymetal.net/p/21/0427/15/F956EBF4CB43DCB6.html,2021-04-27
//lv.mymetal.net/p/21/0426/15/E2E62D97A6AF113B.html,2021-04-26
//lv.mymetal.net/p/21/0425/15/C6C1B3CCF007FC03.html,2021-04-25
//lv.mymetal.net/p/21/0424/15/AD1CD02359D947A0.html,2021-04-24
//lv.mymetal.net/p/21/0423/15/BD1A86783751B22D.html,2021-04-23
//lv.mymetal.net/p/21/0422/15/829B2ABB88F8FC1E.html,2021-04-22
//lv.mymetal.net/p/21/0421/15/C096ACAF13A59253.html,2021-04-21
//lv.mymetal.net/p/21/0420/15/9A6397A90506A969.html,2021-04-20
//lv.mymetal.net/p/21/0419/15/18960E4A0C03C897.html,2021-04-19
//lv.mymetal.net/p/21/0418/15/682D415D800CDEBB.html,2021-04-18
//lv.mymetal.net/p/21/0417/15/2842DB2AAD6E1184.html,2021-04-17
//lv.mymetal.net/p/21/0416/15/0441D8B8DE33211C.html,2021-04-16
//lv.mymetal.net/p/21/0415/15/82F7E45FBF7E3074.html,2021-04-15
//lv.mymetal.net/p/21/0414/15/7549EDBB3E6A6203.html,2021-04-14
//lv.mymetal.net/p/21/0413/15/1D7D144EA70F0A36.html,2021-04-13
//lv.mymetal.net/p/21/0412/15/5B6813D320AB2810.html,2021-04-12
//lv.mymetal.net/p/21/0411/15/427C6098A93E9631.html,2021-04-11
//lv.mymetal.net/p/21/0410/15/5C1B762D072C4559.html,2021-04-10
//lv.mymetal.net/p/21/0409/15/F2D7490AE685D480.html,2021-04-09
//lv.mymetal.net/p/21/0408/15/B234EF18DC0EDE7D.html,2021-04-08
//lv.mymetal.net/p/21/0407/15/D8ACD2388B8003E4.html,2021-04-07
//lv.mymetal.net/p/21/0406/15/3A33F1D37AF271E2.html,2021-04-06
//lv.mymetal.net/p/21/0405/15/8FF46C73DB678E81.html,2021-04-05
//lv.mymetal.net/p/21/0404/15/E2D185311094D027.html,2021-04-04
//lv.mymetal.net/p/21/0403/15/3A3DE3A43FFA0198.html,2021-04-03
//lv.mymetal.net/p/21/0402/15/B75BEA5B8BA83D68.html,2021-04-02
//lv.mymetal.net/p/21/0401/15/30747EBF1A5ECAAA.html,2021-04-01
//lv.mymetal.net/p/21/0331/15/FBBA5EFF4E8BE37D.html,2021-03-31
//lv.mymetal.net/p/21/0330/15/40531437B53357F2.html,2021-03-30
//lv.mymetal.net/p/21/0329/15/7402511D4D92849C.html,2021-03-29
//lv.mymetal.net/p/21/0328/15/63916E8ACAE86A23.html,2021-03-28
//lv.mymetal.net/p/21/0327/15/3C43D14373D7A444.html,2021-03-27
//lv.mymetal.net/p/21/0326/15/02D5315BC7620E6B.html,2021-03-26
//lv.mymetal.net/p/21/0325/15/7C8D52867C95C0F5.html,2021-03-25
//lv.mymetal.net/p/21/0324/15/F5B625ADD0A0AAE7.html,2021-03-24
//lv.mymetal.net/p/21/0323/15/DDBDB4B9525A9950.html,2021-03-23
//lv.mymetal.net/p/21/0322/15/CBF3CF2B38616C0D.html,2021-03-22
//lv.mymetal.net/p/21/0321/15/54429701198149A4.html,2021-03-21
//lv.mymetal.net/p/21/0320/15/631E4BF89B41365C.html,2021-03-20
//lv.mymetal.net/p/21/0319/15/DC12353474505F74.html,2021-03-19
//lv.mymetal.net/p/21/0318/15/780BCAD259685E2D.html,2021-03-18
//lv.mymetal.net/p/21/0317/15/BD30D16B317865FC.html,2021-03-17
//lv.mymetal.net/p/21/0316/15/A4DB83C274312893.html,2021-03-16
//lv.mymetal.net/p/21/0315/15/FADBF397CDC70698.html,2021-03-15
//lv.mymetal.net/p/21/0314/15/CAA4588972AF87A6.html,2021-03-14
//lv.mymetal.net/p/21/0313/15/81093117DFCEF46A.html,2021-03-13
//lv.mymetal.net/p/21/0312/15/7BC5B09A7ADCF5E4.html,2021-03-12
//lv.mymetal.net/p/21/0311/15/BA093112FC25BAF1.html,2021-03-11
//lv.mymetal.net/p/21/0310/15/67CCAD42538FAC66.html,2021-03-10
//lv.mymetal.net/p/21/0309/15/7044943B18164E6D.html,2021-03-09
//lv.mymetal.net/p/21/0308/15/1387873B154AABDF.html,2021-03-08
//lv.mymetal.net/p/21/0307/15/80CFFE332E2ECFC1.html,2021-03-07
//lv.mymetal.net/p/21/0306/15/2BAA037EAF1208EF.html,2021-03-06
//lv.mymetal.net/p/21/0305/15/F588E68D8D382B92.html,2021-03-05
//lv.mymetal.net/p/21/0304/15/E298FE955DC0F3EB.html,2021-03-04
//lv.mymetal.net/p/21/0303/15/5BD589924B6AC18D.html,2021-03-03
//lv.mymetal.net/p/21/0302/15/97FF304DAEDA5EF9.html,2021-03-02
//lv.mymetal.net/p/21/0301/15/842C5B7F9713FB13.html,2021-03-01
//lv.mymetal.net/p/21/0228/15/A1C09408418065AB.html,2021-02-28
//lv.mymetal.net/p/21/0227/15/21E31A9A51A84044.html,2021-02-27
//lv.mymetal.net/p/21/0226/15/214FCE5E26BADA98.html,2021-02-26
//lv.mymetal.net/p/21/0225/15/61BA816ECC6316FB.html,2021-02-25
//lv.mymetal.net/p/21/0224/15/4D36BB10229DCF6E.html,2021-02-24
//lv.mymetal.net/p/21/0223/15/9D1A99AEE8631F2B.html,2021-02-23
//lv.mymetal.net/p/21/0222/15/3BF8DF1EF9827A50.html,2021-02-22
//lv.mymetal.net/p/21/0221/15/9DDFB31E6CCCD912.html,2021-02-21
//lv.mymetal.net/p/21/0220/15/028C30982AD48D7B.html,2021-02-20
//lv.mymetal.net/p/21/0219/15/AB47D5CEC579DDE5.html,2021-02-19
//lv.mymetal.net/p/21/0218/15/229C892E35731E89.html,2021-02-18
//lv.mymetal.net/p/21/0217/15/5A721B3C9D5F226A.html,2021-02-17
//lv.mymetal.net/p/21/0216/15/C5F73A8516BA105A.html,2021-02-16
//lv.mymetal.net/p/21/0215/15/ADABD6A3E754D5E8.html,2021-02-15
//lv.mymetal.net/p/21/0214/15/232233BA16F6B5D4.html,2021-02-14
//lv.mymetal.net/p/21/0213/15/41AE76AACBC3992C.html,2021-02-13
//lv.mymetal.net/p/21/0212/15/CC59AB0BC6AA25B5.html,2021-02-12
//lv.mymetal.net/p/21/0211/15/9E2DEF192971A839.html,2021-02-11
//lv.mymetal.net/p/21/0210/15/FDFFFBF7B7EE51AE.html,2021-02-10
//lv.mymetal.net/p/21/0209/15/B7D6CBB4E7721BE4.html,2021-02-09
//lv.mymetal.net/p/21/0208/15/678E73BA94610B88.html,2021-02-08
//lv.mymetal.net/p/21/0207/15/4AB84CDF713093D2.html,2021-02-07
//lv.mymetal.net/p/21/0206/15/42F997F795A924B7.html,2021-02-06
//lv.mymetal.net/p/21/0205/15/EB47F47F5AC56D6A.html,2021-02-05
//lv.mymetal.net/p/21/0204/15/FDD6635129A1D20A.html,2021-02-04
//lv.mymetal.net/p/21/0203/15/9ABE5BD527D6314D.html,2021-02-03
//lv.mymetal.net/p/21/0202/15/0AB84114BB81E479.html,2021-02-02
//lv.mymetal.net/p/21/0201/15/CABF07A7B060CFAB.html,2021-02-01
//lv.mymetal.net/p/21/0131/15/3576939D4842E0D2.html,2021-01-31
//lv.mymetal.net/p/21/0130/15/E7E608BCD9C5D093.html,2021-01-30
//lv.mymetal.net/p/21/0129/15/C19353543C59B057.html,2021-01-29
//lv.mymetal.net/p/21/0128/15/31C85B86BB9F1784.html,2021-01-28
//lv.mymetal.net/p/21/0127/15/82456964E3BDA890.html,2021-01-27
//lv.mymetal.net/p/21/0126/15/76A68A8D97D74FB7.html,2021-01-26
//lv.mymetal.net/p/21/0125/15/C20BF1312DCB7434.html,2021-01-25
//lv.mymetal.net/p/21/0124/15/F0E2F6120C786008.html,2021-01-24
//lv.mymetal.net/p/21/0123/15/7C30535CAADB5C1D.html,2021-01-23
//lv.mymetal.net/p/21/0122/15/20A15F330CAD8942.html,2021-01-22
//lv.mymetal.net/p/21/0121/15/057242D3E18927AF.html,2021-01-21
//lv.mymetal.net/p/21/0120/15/8317A2EA728E43E0.html,2021-01-20
//lv.mymetal.net/p/21/0119/15/7A3F82C41AC16620.html,2021-01-19
//lv.mymetal.net/p/21/0118/15/2BA14C13DBF4FA9B.html,2021-01-18
//lv.mymetal.net/p/21/0117/15/C6397B5B57903FFF.html,2021-01-17
//lv.mymetal.net/p/21/0116/15/46FB20305D3287B8.html,2021-01-16
//lv.mymetal.net/p/21/0115/15/090A1756F5E721A5.html,2021-01-15
//lv.mymetal.net/p/21/0114/15/CB8EE3C604C7795D.html,2021-01-14
//lv.mymetal.net/p/21/0113/15/6C1454D843A4012D.html,2021-01-13
//lv.mymetal.net/p/21/0112/15/EC57223E63EEE2DC.html,2021-01-12
//lv.mymetal.net/p/21/0111/15/0425FD2FDF409D32.html,2021-01-11
//lv.mymetal.net/p/21/0110/15/17DCEAC446DB961D.html,2021-01-10
//lv.mymetal.net/p/21/0109/15/482134E2B5C52D0C.html,2021-01-09
//lv.mymetal.net/p/21/0108/15/08B17B8286502125.html,2021-01-08
//lv.mymetal.net/p/21/0107/15/72F16184D73A9DCF.html,2021-01-07
//lv.mymetal.net/p/21/0106/15/91A7FD964D82EE84.html,2021-01-06
//lv.mymetal.net/p/21/0105/15/97DAB6E512774942.html,2021-01-05
//lv.mymetal.net/p/21/0104/15/AFCF87BCD3C9B703.html,2021-01-04
//lv.mymetal.net/p/21/0103/15/716AE22A9EC820CD.html,2021-01-03
//lv.mymetal.net/p/21/0102/15/5079BB2C1467A9E2.html,2021-01-02
//lv.mymetal.net/p/21/0101/15/3079767062034D7B.html,2021-01-01
//lv.mymetal.net/p/20/1231/15/AF7E7504C91EF5F8.html,2020-12-31
//lv.mymetal.net/p/20/1230/15/E76AE4F463E6C14F.html,2020-12-30
//lv.mymetal.net/p/20/1229/15/CB12B0FE57CA5DC8.html,2020-12-29
//lv.mymetal.net/p/20/1228/15/A7D69976995825CE.html,2020-12-28
//lv.mymetal.net/p/20/1227/15/8AEF138BCD6E4A1A.html,2020-12-27
//lv.mymetal.net/p/20/1226/15/AAE3589DB0630F3A.html,2020-12-26
//lv.mymetal.net/p/20/1225/15/7E9EB3B90E8681F3.html,2020-12-25
//lv.mymetal.net/p/20/1224/12/5F628B0B54DEEDF1.html,2020-12-24
//lv.mymetal.net/p/20/1223/12/6DF28F6E3543C8EC.html,2020-12-23
//lv.mymetal.net/p/20/1222/12/1B8F0291142CDA82.html,2020-12-22
//lv.mymetal.net/p/20/1221/12/B7940D96B4ADAB76.html,2020-12-21
//lv.mymetal.net/p/20/1220/12/178CBE027D4A780C.html,2020-12-20
//lv.mymetal.net/p/20/1219/12/7BB9B7F30F62E44B.html,2020-12-19
//lv.mymetal.net/p/20/1218/12/40897D76286A290F.html,2020-12-18
//lv.mymetal.net/p/20/1217/12/D1411DA8B672FBE8.html,2020-12-17
//lv.mymetal.net/p/20/1216/12/A73FF66C726A7098.html,2020-12-16
//lv.mymetal.net/p/20/1215/12/9A7391F104BE81F1.html,2020-12-15
//lv.mymetal.net/p/20/1214/12/75807EAACCA920C8.html,2020-12-14
//lv.mymetal.net/p/20/1213/12/093F64505A8E886E.html,2020-12-13
//lv.mymetal.net/p/20/1212/12/41165066551C2786.html,2020-12-12
//lv.mymetal.net/p/20/1211/12/31B77DC87C7377C4.html,2020-12-11
//lv.mymetal.net/p/20/1210/12/98CD908B2CB30D71.html,2020-12-10
//lv.mymetal.net/p/20/1209/12/D5BEB5A922D6B936.html,2020-12-09
//lv.mymetal.net/p/20/1208/12/CDCBD1281607C677.html,2020-12-08
//lv.mymetal.net/p/20/1207/12/72E0F02081966E14.html,2020-12-07
//lv.mymetal.net/p/20/1206/12/D37410451C6B4D19.html,2020-12-06
//lv.mymetal.net/p/20/1205/12/2D63C0D7929DA8DC.html,2020-12-05
//lv.mymetal.net/p/20/1204/12/9F89B72823E28E07.html,2020-12-04
//lv.mymetal.net/p/20/1203/12/75ACBD09BABEE1A8.html,2020-12-03
//lv.mymetal.net/p/20/1202/12/8F5799662FFF311D.html,2020-12-02
//lv.mymetal.net/p/20/1201/12/8A6C23FB79204995.html,2020-12-01
//lv.mymetal.net/p/20/1130/12/55BC48B33CB6BF93.html,2020-11-30
//lv.mymetal.net/p/20/1129/12/C524ABB3E54C52A6.html,2020-11-29
//lv.mymetal.net/p/20/1128/12/10E04CDB23645C0D.html,2020-11-28
//lv.mymetal.net/p/20/1127/12/95F9448DC32100B5.html,2020-11-27
//lv.mymetal.net/p/20/1126/12/66A8363619F17D98.html,2020-11-26
//lv.mymetal.net/p/20/1125/12/D5B45532F843B9D8.html,2020-11-25
//lv.mymetal.net/p/20/1124/12/D95776CE29D52D1C.html,2020-11-24
//lv.mymetal.net/p/20/1123/12/734B0940A9F7B856.html,2020-11-23
//lv.mymetal.net/p/20/1122/12/A9BC9DD6394AB3C9.html,2020-11-22
//lv.mymetal.net/p/20/1121/12/019939D12EEAD895.html,2020-11-21
//lv.mymetal.net/p/20/1120/12/664FF56FE92166DD.html,2020-11-20
//lv.mymetal.net/p/20/1118/12/12E0A235D343E8EE.html,2020-11-18
//lv.mymetal.net/p/20/1117/12/FAEAA14380ACE231.html,2020-11-17
//lv.mymetal.net/p/20/1116/12/AA6805EBEAD289C9.html,2020-11-16
//lv.mymetal.net/p/20/1115/12/4D08328981708E38.html,2020-11-15
//lv.mymetal.net/p/20/1114/12/2B47117118B502C8.html,2020-11-14
//lv.mymetal.net/p/20/1113/12/575AFE0EF7EDDF19.html,2020-11-13
//lv.mymetal.net/p/20/1112/12/145F8451971EA974.html,2020-11-12
//lv.mymetal.net/p/20/1111/12/DC3D282BCC7576C4.html,2020-11-11
//lv.mymetal.net/p/20/1110/12/021B50F6ADA1405E.html,2020-11-10
//lv.mymetal.net/p/20/1109/12/0F3230C6A9E4C618.html,2020-11-09
//lv.mymetal.net/p/20/1108/12/8B7CA9699EB067A0.html,2020-11-08
//lv.mymetal.net/p/20/1107/12/E4CF7A2D9779C4A6.html,2020-11-07
//lv.mymetal.net/p/20/1106/12/796A22FF199AFA5F.html,2020-11-06
//lv.mymetal.net/p/20/1105/12/A84E500DE7268C74.html,2020-11-05
//lv.mymetal.net/p/20/1104/12/832D1A9EA9F61C2F.html,2020-11-04
//lv.mymetal.net/p/20/1103/12/8C505EB890C89499.html,2020-11-03
//lv.mymetal.net/p/20/1102/12/59111C30C6EFC3F0.html,2020-11-02
//lv.mymetal.net/p/20/1101/12/EAEFECCFA5D8F04B.html,2020-11-01
//lv.mymetal.net/p/20/1031/12/9A25BB1D51E091A2.html,2020-10-31
//lv.mymetal.net/p/20/1030/12/8E25DC5684FE68F6.html,2020-10-30
//lv.mymetal.net/p/20/1029/12/192650D5E530FF03.html,2020-10-29
//lv.mymetal.net/p/20/1028/12/79B43AE9FA65EAF9.html,2020-10-28
//lv.mymetal.net/p/20/1027/12/8A598E39FEA19540.html,2020-10-27
//lv.mymetal.net/p/20/1026/12/90C6470597E81F1C.html,2020-10-26
//lv.mymetal.net/p/20/1025/12/4558E44D67C03F32.html,2020-10-25
//lv.mymetal.net/p/20/1024/12/85E3EC63F90E4D73.html,2020-10-24
//lv.mymetal.net/p/20/1023/12/600C4786639CB228.html,2020-10-23
//lv.mymetal.net/p/20/1022/12/631F10E957D50608.html,2020-10-22
//lv.mymetal.net/p/20/1021/12/EE5019B6C5B272C1.html,2020-10-21
//lv.mymetal.net/p/20/1020/12/4EC2156C9CFABFB9.html,2020-10-20
//lv.mymetal.net/p/20/1019/12/85DA71DD45560B2A.html,2020-10-19
//lv.mymetal.net/p/20/1018/12/7E72A89DBF78BFC9.html,2020-10-18
//lv.mymetal.net/p/20/1017/12/22FAD5CCAD811F1B.html,2020-10-17
//lv.mymetal.net/p/20/1016/12/42DD6649395A9D24.html,2020-10-16
//lv.mymetal.net/p/20/1015/12/6C3D73A893CFDEDE.html,2020-10-15
//lv.mymetal.net/p/20/1014/12/76A25436735D5613.html,2020-10-14
//lv.mymetal.net/p/20/1013/12/8FBD921251D51CDC.html,2020-10-13
//lv.mymetal.net/p/20/1012/12/E032FC58CE2BD6CA.html,2020-10-12
//lv.mymetal.net/p/20/1011/12/E49E10EAB21DB292.html,2020-10-11
//lv.mymetal.net/p/20/1010/12/B624F445F3F40A21.html,2020-10-10
//lv.mymetal.net/p/20/1009/12/F1AA38B9DF9F99F8.html,2020-10-09
//lv.mymetal.net/p/20/1008/12/6A1BF456ABD6A67B.html,2020-10-08
//lv.mymetal.net/p/20/1007/12/086B196E5D3C7CB4.html,2020-10-07
//lv.mymetal.net/p/20/1006/12/3B83E273DF239031.html,2020-10-06
//lv.mymetal.net/p/20/1005/12/2204851C44D8F513.html,2020-10-05
//lv.mymetal.net/p/20/1004/12/068718BF0566C544.html,2020-10-04
//lv.mymetal.net/p/20/1003/12/31086C741A8D9ED5.html,2020-10-03
//lv.mymetal.net/p/20/1002/12/76D0C81450F7D47E.html,2020-10-02
//lv.mymetal.net/p/20/1001/12/57DA551B294D35BE.html,2020-10-01
//lv.mymetal.net/p/20/0930/12/F7903DA1D7A94F24.html,2020-09-30
//lv.mymetal.net/p/20/0929/12/19697878B6CA6DD9.html,2020-09-29
//lv.mymetal.net/p/20/0928/12/C090FF6671A30F59.html,2020-09-28
//lv.mymetal.net/p/20/0927/12/6F366AE9E9374A15.html,2020-09-27
//lv.mymetal.net/p/20/0926/12/B194D6A2EAA48B11.html,2020-09-26
//lv.mymetal.net/p/20/0925/12/A43C3258CAC4D529.html,2020-09-25
//lv.mymetal.net/p/20/0924/12/D177D8A63DBC5F95.html,2020-09-24
//lv.mymetal.net/p/20/0923/12/F8E0BCF0962087B2.html,2020-09-23
//lv.mymetal.net/p/20/0922/12/C9D6808044B46CE0.html,2020-09-22
//lv.mymetal.net/p/20/0921/12/52F655B1C20C148F.html,2020-09-21
//lv.mymetal.net/p/20/0920/12/F9EBB7EA261E83CC.html,2020-09-20
//lv.mymetal.net/p/20/0919/12/EF98886EA98C14CF.html,2020-09-19
//lv.mymetal.net/p/20/0918/12/BAFE9F9869548F1D.html,2020-09-18
//lv.mymetal.net/p/20/0917/12/65E6A9C3BF3B7738.html,2020-09-17
//lv.mymetal.net/p/20/0916/12/3E083646114E1120.html,2020-09-16
//lv.mymetal.net/p/20/0915/12/F21D8D9DA75C34D4.html,2020-09-15
//lv.mymetal.net/p/20/0914/12/35EC9732AC5E0855.html,2020-09-14
//lv.mymetal.net/p/20/0913/12/5BB587899836E273.html,2020-09-13
//lv.mymetal.net/p/20/0912/12/12BB433F4E8BCA0F.html,2020-09-12
//lv.mymetal.net/p/20/0911/12/7471C0D9FE47630D.html,2020-09-11
//lv.mymetal.net/p/20/0910/12/0887E86CCC8DE8C0.html,2020-09-10
//lv.mymetal.net/p/20/0909/12/BE8C2FC8D4625649.html,2020-09-09
//lv.mymetal.net/p/20/0908/12/A47BF24646B1DCEA.html,2020-09-08
//lv.mymetal.net/p/20/0907/12/98036D48CA6C2BD7.html,2020-09-07
//lv.mymetal.net/p/20/0906/12/BA5395B5E894EA85.html,2020-09-06
//lv.mymetal.net/p/20/0905/12/C1354A7A47C5DC99.html,2020-09-05
//lv.mymetal.net/p/20/0904/12/68CD9500D759001F.html,2020-09-04
//lv.mymetal.net/p/20/0903/12/DA55EC1A17228943.html,2020-09-03
//lv.mymetal.net/p/20/0902/12/64D8AF4760E3EF8B.html,2020-09-02
//lv.mymetal.net/p/20/0901/12/D18DABD3BC09862D.html,2020-09-01
//lv.mymetal.net/p/20/0831/12/AC465010B4010DDB.html,2020-08-31
//lv.mymetal.net/p/20/0830/12/AB526DFF31D0075A.html,2020-08-30
//lv.mymetal.net/p/20/0829/12/FC7400980E7558DA.html,2020-08-29
//lv.mymetal.net/p/20/0828/12/81BF1C80F71353EC.html,2020-08-28
//lv.mymetal.net/p/20/0827/12/0AC001FA4EE1B177.html,2020-08-27
//lv.mymetal.net/p/20/0826/12/22DD43165963763A.html,2020-08-26
//lv.mymetal.net/p/20/0825/12/0F10C63675FE3C04.html,2020-08-25
//lv.mymetal.net/p/20/0824/12/9BF54ACD72E257AD.html,2020-08-24
//lv.mymetal.net/p/20/0823/12/00E3545C2D4D51D3.html,2020-08-23
//lv.mymetal.net/p/20/0822/12/13F50F6905393C47.html,2020-08-22
//lv.mymetal.net/p/20/0821/12/490EF20F108BCE52.html,2020-08-21
//lv.mymetal.net/p/20/0820/12/705B6343FB0717B0.html,2020-08-20
//lv.mymetal.net/p/20/0819/12/0FB1BDF7FF10C694.html,2020-08-19
//lv.mymetal.net/p/20/0818/12/A0F63CABF4219E1D.html,2020-08-18
//lv.mymetal.net/p/20/0817/12/E495E3BAE101D08D.html,2020-08-17
//lv.mymetal.net/p/20/0816/12/D6C895BAB711BA66.html,2020-08-16
//lv.mymetal.net/p/20/0815/12/1B668E4705702972.html,2020-08-15
//lv.mymetal.net/p/20/0814/12/CC7CED5201F86991.html,2020-08-14
//lv.mymetal.net/p/20/0813/12/77C56020CCDAC53B.html,2020-08-13
//lv.mymetal.net/p/20/0812/12/266B1A0C42D5EEF5.html,2020-08-12
//lv.mymetal.net/p/20/0811/12/98D4D914053274DC.html,2020-08-11
//lv.mymetal.net/p/20/0810/12/D303D4871BB83A57.html,2020-08-10
//lv.mymetal.net/p/20/0809/12/AD3ED3C0F1035A2C.html,2020-08-09
//lv.mymetal.net/p/20/0808/12/59E314EA159D563F.html,2020-08-08
//lv.mymetal.net/p/20/0807/12/65898FF3026FD56B.html,2020-08-07
//lv.mymetal.net/p/20/0806/12/81E8AF85C3850D78.html,2020-08-06
//lv.mymetal.net/p/20/0805/12/DDEC1E8370904F38.html,2020-08-05
//lv.mymetal.net/p/20/0804/12/2B9950B0987F0BBE.html,2020-08-04
//lv.mymetal.net/p/20/0803/12/BB988963E1C9E051.html,2020-08-03
//lv.mymetal.net/p/20/0802/12/818B87BB2040C224.html,2020-08-02
//lv.mymetal.net/p/20/0801/12/3EFCEDDA7108506D.html,2020-08-01
//lv.mymetal.net/p/20/0731/12/14722EB62A94BC06.html,2020-07-31
//lv.mymetal.net/p/20/0730/12/0805EDB050192C37.html,2020-07-30
//lv.mymetal.net/p/20/0729/12/A5EC8CA4570D2C21.html,2020-07-29
//lv.mymetal.net/p/20/0728/12/F864D305C177F045.html,2020-07-28
//lv.mymetal.net/p/20/0727/12/86D6101E4DA3F2F6.html,2020-07-27
//lv.mymetal.net/p/20/0726/12/B4EA601446F87CCE.html,2020-07-26
//lv.mymetal.net/p/20/0725/12/680BE6A23B9F3DF1.html,2020-07-25
//lv.mymetal.net/p/20/0724/12/6B8C6B5D73A76F96.html,2020-07-24
//lv.mymetal.net/p/20/0723/12/8E9B61ADA53C1E4F.html,2020-07-23
//lv.mymetal.net/p/20/0722/12/7339FF39F700A651.html,2020-07-22
//lv.mymetal.net/p/20/0721/12/2E0E24E1F2323B3B.html,2020-07-21
//lv.mymetal.net/p/20/0720/12/D6E1E4728D187E73.html,2020-07-20
//lv.mymetal.net/p/20/0719/12/FD8E20B84AAE9400.html,2020-07-19
//lv.mymetal.net/p/20/0718/12/33213DA5DEA1467B.html,2020-07-18
//lv.mymetal.net/p/20/0717/12/49A0979F0DB34358.html,2020-07-17
//lv.mymetal.net/p/20/0716/12/23372C8752D9EBF1.html,2020-07-16
//lv.mymetal.net/p/20/0715/12/7A1A9CC654D262D0.html,2020-07-15
//lv.mymetal.net/p/20/0714/12/724C602E84E76C8C.html,2020-07-14
//lv.mymetal.net/p/20/0713/12/BA5CF2A274EA743F.html,2020-07-13
//lv.mymetal.net/p/20/0712/12/F157A01FF8B28486.html,2020-07-12
//lv.mymetal.net/p/20/0711/12/21A1F91E015E1898.html,2020-07-11
//lv.mymetal.net/p/20/0710/12/050D43A010BD1255.html,2020-07-10
//lv.mymetal.net/p/20/0709/12/43178E0B83BD4437.html,2020-07-09
//lv.mymetal.net/p/20/0708/12/49DC7C9996CA08E7.html,2020-07-08
//lv.mymetal.net/p/20/0707/12/C4F80FDEC2768C79.html,2020-07-07
//lv.mymetal.net/p/20/0706/12/0969E35877231EB0.html,2020-07-06
//lv.mymetal.net/p/20/0705/12/01B59F9F80B59779.html,2020-07-05
//lv.mymetal.net/p/20/0704/12/3141A311FC8546C9.html,2020-07-04
//lv.mymetal.net/p/20/0703/12/20881B2F4CA3D383.html,2020-07-03
//lv.mymetal.net/p/20/0702/12/55F65D11EA18C0CA.html,2020-07-02
//lv.mymetal.net/p/20/0701/12/AF648B947A350D03.html,2020-07-01
//lv.mymetal.net/p/20/0630/12/C22F3F8EA1FFE3B2.html,2020-06-30
//lv.mymetal.net/p/20/0629/12/53B8978F7C144D12.html,2020-06-29
//lv.mymetal.net/p/20/0628/12/5DE1DD17A362EDE5.html,2020-06-28
//lv.mymetal.net/p/20/0627/12/929B3B484D406E0D.html,2020-06-27
//lv.mymetal.net/p/20/0626/12/0D49F1F05BCA7EFA.html,2020-06-26
//lv.mymetal.net/p/20/0625/12/60774DD83488DAAB.html,2020-06-25
//lv.mymetal.net/p/20/0624/12/F8D9675420AE409E.html,2020-06-24
//lv.mymetal.net/p/20/0623/12/CACD48EA9CDD3191.html,2020-06-23
//lv.mymetal.net/p/20/0622/12/339F018334F83A55.html,2020-06-22
//lv.mymetal.net/p/20/0621/12/8590A3E61AE2AFE6.html,2020-06-21
//lv.mymetal.net/p/20/0620/12/FA6F89E0B0C2DA42.html,2020-06-20
//lv.mymetal.net/p/20/0619/12/1048EF226253360E.html,2020-06-19
//lv.mymetal.net/p/20/0618/12/BF097EA972F3FBDB.html,2020-06-18
//lv.mymetal.net/p/20/0617/12/5CF2F9545B6B0B67.html,2020-06-17
//lv.mymetal.net/p/20/0616/12/AD276D525934C6D3.html,2020-06-16
//lv.mymetal.net/p/20/0615/12/665D918DE6745945.html,2020-06-15
//lv.mymetal.net/p/20/0614/12/91A3501933573D56.html,2020-06-14
//lv.mymetal.net/p/20/0613/12/A86497978C0649D1.html,2020-06-13
//lv.mymetal.net/p/20/0612/12/F62E0C34DAE0FBCD.html,2020-06-12
//lv.mymetal.net/p/20/0611/12/255551626B34A478.html,2020-06-11
//lv.mymetal.net/p/20/0610/12/5BF0FC8A16555C3B.html,2020-06-10
//lv.mymetal.net/p/20/0609/12/81C193848DD44F98.html,2020-06-09
//lv.mymetal.net/p/20/0608/12/C0118BA82A19903A.html,2020-06-08
//lv.mymetal.net/p/20/0607/12/122107115DE3946D.html,2020-06-07
//lv.mymetal.net/p/20/0606/12/388439A6398CB029.html,2020-06-06
//lv.mymetal.net/p/20/0605/12/5A6B71C68C82048F.html,2020-06-05
//lv.mymetal.net/p/20/0604/12/1612126D48CDD47C.html,2020-06-04
//lv.mymetal.net/p/20/0603/12/9C0A84657B6065F2.html,2020-06-03
//lv.mymetal.net/p/20/0602/12/ECEF7C7B9243BF84.html,2020-06-02
//lv.mymetal.net/p/20/0601/12/0527D093B19EC0A2.html,2020-06-01
//lv.mymetal.net/p/20/0531/12/E9DBA9842B8941DE.html,2020-05-31
//lv.mymetal.net/p/20/0530/12/AA88F85F1F6C995F.html,2020-05-30
//lv.mymetal.net/p/20/0529/12/F7B5C6AA1EA4BC6D.html,2020-05-29
//lv.mymetal.net/p/20/0528/12/122DFAD9247CC84A.html,2020-05-28
//lv.mymetal.net/p/20/0527/12/B85685A72FC4750B.html,2020-05-27
//lv.mymetal.net/p/20/0526/12/6C2F4A596938AE63.html,2020-05-26
//lv.mymetal.net/p/20/0525/12/0F88F7D41C01F033.html,2020-05-25
//lv.mymetal.net/p/20/0524/12/79334866FE953444.html,2020-05-24
//lv.mymetal.net/p/20/0523/12/0265E0CFBAFB27D9.html,2020-05-23
//lv.mymetal.net/p/20/0522/12/848388D92F5F08B1.html,2020-05-22
//lv.mymetal.net/p/20/0521/12/947D3F7BBC190AC9.html,2020-05-21
//lv.mymetal.net/p/20/0520/12/84FF5C1075B454C8.html,2020-05-20
//lv.mymetal.net/p/20/0519/12/961166444BBFE6AF.html,2020-05-19
//lv.mymetal.net/p/20/0518/12/C0E19569748CEC68.html,2020-05-18
//lv.mymetal.net/p/20/0517/12/0C1DE126C14ACD8E.html,2020-05-17
//lv.mymetal.net/p/20/0516/12/766DD143019E780A.html,2020-05-16
//lv.mymetal.net/p/20/0515/12/7EB14C73D15F4EA3.html,2020-05-15
//lv.mymetal.net/p/20/0514/12/EBDFE169085424B3.html,2020-05-14
//lv.mymetal.net/p/20/0513/12/CEFDDF5069ED74E6.html,2020-05-13
//lv.mymetal.net/p/20/0512/12/EF6EC6F83DFBE4EC.html,2020-05-12
//lv.mymetal.net/p/20/0511/12/B515ADD24B921847.html,2020-05-11
//lv.mymetal.net/p/20/0510/12/B183C8020AD72904.html,2020-05-10
//lv.mymetal.net/p/20/0509/12/CF16BA6DC5C3ED6F.html,2020-05-09
//lv.mymetal.net/p/20/0508/12/273B006422B5B230.html,2020-05-08
//lv.mymetal.net/p/20/0507/12/3E35F4ED3B7CFE90.html,2020-05-07
//lv.mymetal.net/p/20/0506/12/2E78F1482B77C646.html,2020-05-06
//lv.mymetal.net/p/20/0505/12/75FD763FB64B9338.html,2020-05-05
//lv.mymetal.net/p/20/0504/12/7A0CD956639EFDBF.html,2020-05-04
//lv.mymetal.net/p/20/0503/12/939C6B44458E75A5.html,2020-05-03
//lv.mymetal.net/p/20/0502/12/4F55BAA1313E22A4.html,2020-05-02
//lv.mymetal.net/p/20/0501/12/1DAC39F585B0C1A7.html,2020-05-01
//lv.mymetal.net/p/20/0430/12/FA528A34BE4022D7.html,2020-04-30
//lv.mymetal.net/p/20/0429/12/208A238BC3C54C05.html,2020-04-29
//lv.mymetal.net/p/20/0428/12/3199C6DCC358640F.html,2020-04-28
//lv.mymetal.net/p/20/0427/12/A9F30CD24D7A3362.html,2020-04-27
//lv.mymetal.net/p/20/0426/12/7542D3394B308EF6.html,2020-04-26
//lv.mymetal.net/p/20/0425/12/429F89BA1A3019AB.html,2020-04-25
//lv.mymetal.net/p/20/0424/12/062F360EA3EF64C0.html,2020-04-24
//lv.mymetal.net/p/20/0423/12/1AB847A3D810D131.html,2020-04-23
//lv.mymetal.net/p/20/0422/12/360B402C59AC5466.html,2020-04-22
//lv.mymetal.net/p/20/0421/12/1DBC142AEAE6DE65.html,2020-04-21
//lv.mymetal.net/p/20/0420/12/D5AFB2B98FF2D81C.html,2020-04-20
//lv.mymetal.net/p/20/0419/12/4E109F279295EB5C.html,2020-04-19
//lv.mymetal.net/p/20/0418/12/AC1B6AC328218951.html,2020-04-18
//lv.mymetal.net/p/20/0417/12/6EEFF5BD4BEA6309.html,2020-04-17
//lv.mymetal.net/p/20/0416/12/AA24774F89DF2607.html,2020-04-16
//lv.mymetal.net/p/20/0415/12/CE8D2527C597D0F4.html,2020-04-15
//lv.mymetal.net/p/20/0414/12/A13FAA7EB768CA9A.html,2020-04-14
//lv.mymetal.net/p/20/0413/12/9C2C15E85D71CCE6.html,2020-04-13
//lv.mymetal.net/p/20/0412/12/B0BD5AD58056F8A0.html,2020-04-12
//lv.mymetal.net/p/20/0411/12/AC5AA815910B0256.html,2020-04-11
//lv.mymetal.net/p/20/0410/12/A994166E6004669E.html,2020-04-10
//lv.mymetal.net/p/20/0409/12/241922EBFF4804F0.html,2020-04-09
//lv.mymetal.net/p/20/0408/12/317BF441E3C29CC9.html,2020-04-08
//lv.mymetal.net/p/20/0407/12/BF0521C502452836.html,2020-04-07
//lv.mymetal.net/p/20/0406/12/86C0867B185F20F3.html,2020-04-06
//lv.mymetal.net/p/20/0405/12/B73342E983794C05.html,2020-04-05
//lv.mymetal.net/p/20/0404/12/60C71ECA5A4EC74F.html,2020-04-04
//lv.mymetal.net/p/20/0403/12/AACEF59CA480E427.html,2020-04-03
//lv.mymetal.net/p/20/0402/12/76A6B59667A37092.html,2020-04-02
//lv.mymetal.net/p/20/0401/12/357399A569195ADB.html,2020-04-01
//lv.mymetal.net/p/20/0331/12/9314E450917C08E5.html,2020-03-31
//lv.mymetal.net/p/20/0330/12/702B04998385FB06.html,2020-03-30
//lv.mymetal.net/p/20/0329/12/7692A433015C72C7.html,2020-03-29
//lv.mymetal.net/p/20/0328/12/5284580390751571.html,2020-03-28
//lv.mymetal.net/p/20/0327/12/247DB9029A34638E.html,2020-03-27
//lv.mymetal.net/p/20/0326/12/6D6972A61D85D0AD.html,2020-03-26
//lv.mymetal.net/p/20/0325/12/334CC728DCAC3DAD.html,2020-03-25
//lv.mymetal.net/p/20/0324/12/514954C04C64B8CB.html,2020-03-24
//lv.mymetal.net/p/20/0323/12/4C6040FE8E7ABCD8.html,2020-03-23
//lv.mymetal.net/p/20/0322/12/C9F24247ECABF52B.html,2020-03-22
//lv.mymetal.net/p/20/0321/12/8351204EE166C53F.html,2020-03-21
//lv.mymetal.net/p/20/0320/12/C764799BF5789B93.html,2020-03-20
//lv.mymetal.net/p/20/0319/12/DF292FDDFD22C42E.html,2020-03-19
//lv.mymetal.net/p/20/0318/12/535E72B4F7964E65.html,2020-03-18
//lv.mymetal.net/p/20/0317/12/C7D05964F080346A.html,2020-03-17
//lv.mymetal.net/p/20/0316/12/5E7583BEFBA983D0.html,2020-03-16
//lv.mymetal.net/p/20/0315/12/66677C1CE58B2AD8.html,2020-03-15
//lv.mymetal.net/p/20/0314/12/EDB6D8415B8ACB1F.html,2020-03-14
//lv.mymetal.net/p/20/0313/12/E18D0ECB35816704.html,2020-03-13
//lv.mymetal.net/p/20/0312/12/B034E173848F94C8.html,2020-03-12
//lv.mymetal.net/p/20/0311/12/D45C8C7A9F59F79F.html,2020-03-11
//lv.mymetal.net/p/20/0310/12/377C6B386161D9EE.html,2020-03-10
//lv.mymetal.net/p/20/0309/12/5DFBA2837E0C495C.html,2020-03-09
//lv.mymetal.net/p/20/0308/12/2B722237BE222F82.html,2020-03-08
//lv.mymetal.net/p/20/0307/12/6FE2361CC2A5EA5D.html,2020-03-07
//lv.mymetal.net/p/20/0306/12/6E716FC357E55668.html,2020-03-06
//lv.mymetal.net/p/20/0305/12/98807C71E3F32856.html,2020-03-05
//lv.mymetal.net/p/20/0304/12/4AFC17AC6E38C018.html,2020-03-04
//lv.mymetal.net/p/20/0303/12/E86BEEBC0EED15CB.html,2020-03-03
//lv.mymetal.net/p/20/0302/12/FECEE67588214A6B.html,2020-03-02
//lv.mymetal.net/p/20/0301/12/F82C6D3BD546EFF6.html,2020-03-01
//lv.mymetal.net/p/20/0229/12/5C47C21CF09DF991.html,2020-02-29
//lv.mymetal.net/p/20/0228/12/3930C1AE8749C3A1.html,2020-02-28
//lv.mymetal.net/p/20/0227/12/B20F9FE6F3C962E1.html,2020-02-27
//lv.mymetal.net/p/20/0226/12/308910009AF8EDBE.html,2020-02-26
//lv.mymetal.net/p/20/0225/12/B2DFD775C586D4D0.html,2020-02-25
//lv.mymetal.net/p/20/0224/12/52CE01E846721A7B.html,2020-02-24
//lv.mymetal.net/p/20/0223/12/5EAC4CCAB8CB9886.html,2020-02-23
//lv.mymetal.net/p/20/0222/12/2BD8092DB2D88F51.html,2020-02-22
//lv.mymetal.net/p/20/0221/12/2A16151D23B3A44C.html,2020-02-21
//lv.mymetal.net/p/20/0220/12/2B2C3138CB8CBFCC.html,2020-02-20
//lv.mymetal.net/p/20/0219/12/CF62F4B339E44A3A.html,2020-02-19
//lv.mymetal.net/p/20/0218/12/D03F017EDA1F8DC3.html,2020-02-18
//lv.mymetal.net/p/20/0217/12/A7EBA10B4975E2D5.html,2020-02-17
//lv.mymetal.net/p/20/0216/12/064DDB57F216CA2D.html,2020-02-16
//lv.mymetal.net/p/20/0214/12/114D6E8BCD741869.html,2020-02-14
//lv.mymetal.net/p/20/0213/12/F317B15BFF5F33CA.html,2020-02-13
//lv.mymetal.net/p/20/0212/12/E516A172969EC59A.html,2020-02-12
//lv.mymetal.net/p/20/0211/12/D2D29A495F092297.html,2020-02-11
//lv.mymetal.net/p/20/0210/12/DE2197A7DEC415EB.html,2020-02-10
//lv.mymetal.net/p/20/0209/12/AD805D68690D9B05.html,2020-02-09
//lv.mymetal.net/p/20/0208/12/5A6365C3914944E1.html,2020-02-08
//lv.mymetal.net/p/20/0207/12/E305B0EF26973008.html,2020-02-07
//lv.mymetal.net/p/20/0206/12/939BBE069C6BB9A1.html,2020-02-06
//lv.mymetal.net/p/20/0205/12/2EF00F08F82912E4.html,2020-02-05
//lv.mymetal.net/p/20/0204/12/456E1E67D111F09C.html,2020-02-04
//lv.mymetal.net/p/20/0203/12/9CE73AD8DC9A4354.html,2020-02-03
//lv.mymetal.net/p/20/0202/12/1580491B0A8C5C1A.html,2020-02-02
//lv.mymetal.net/p/20/0201/12/83E558450A3F9634.html,2020-02-01
//lv.mymetal.net/p/20/0131/12/9D9A392C58047F31.html,2020-01-31
//lv.mymetal.net/p/20/0130/12/18B51CAFF7A41F27.html,2020-01-30
//lv.mymetal.net/p/20/0129/12/6AAF5696578120DF.html,2020-01-29
//lv.mymetal.net/p/20/0128/12/B4A64DA6F54582C9.html,2020-01-28
//lv.mymetal.net/p/20/0127/12/32E68C13CCB4A023.html,2020-01-27
//lv.mymetal.net/p/20/0126/12/872321A1430E3C6D.html,2020-01-26
//lv.mymetal.net/p/20/0125/12/C64F2848EBC97BCA.html,2020-01-25
//lv.mymetal.net/p/20/0124/12/95A0AE5BA869FA44.html,2020-01-24
//lv.mymetal.net/p/20/0123/12/0FD6666D4922115F.html,2020-01-23
//lv.mymetal.net/p/20/0122/12/A1BCB8290A29E1AA.html,2020-01-22
//lv.mymetal.net/p/20/0121/12/8B92A6879702A7C5.html,2020-01-21
//lv.mymetal.net/p/20/0120/12/F56618E93EE4A4C3.html,2020-01-20
//lv.mymetal.net/p/20/0119/12/B05B3A2D30296EF8.html,2020-01-19
//lv.mymetal.net/p/20/0118/12/570BFBCDDC99C5D8.html,2020-01-18
//lv.mymetal.net/p/20/0117/12/4DC94CDAB3C6ECA3.html,2020-01-17
//lv.mymetal.net/p/20/0116/12/0F39A4D9AA640BB6.html,2020-01-16
//lv.mymetal.net/p/20/0115/12/3570E64701BA732E.html,2020-01-15
//lv.mymetal.net/p/20/0114/12/E4D5A12DAA3871BE.html,2020-01-14
//lv.mymetal.net/p/20/0113/12/D2F31EBAD13982AF.html,2020-01-13
//lv.mymetal.net/p/20/0112/12/712180A60CDAD6AD.html,2020-01-12
//lv.mymetal.net/p/20/0111/12/9EFB2CA9DE30D85B.html,2020-01-11
//lv.mymetal.net/p/20/0110/12/26FEEA3F40EF6596.html,2020-01-10
//lv.mymetal.net/p/20/0109/12/D009534866478C3B.html,2020-01-09
//lv.mymetal.net/p/20/0108/12/BFAD122B591AFE4D.html,2020-01-08
//lv.mymetal.net/p/20/0107/12/CB33C19662AF8C3A.html,2020-01-07
//lv.mymetal.net/p/20/0106/12/3DFB8F06710E4E57.html,2020-01-06
//lv.mymetal.net/p/20/0105/12/D9EF0979C076294A.html,2020-01-05
//lv.mymetal.net/p/20/0104/12/9878C2D4F35429A1.html,2020-01-04
//lv.mymetal.net/p/20/0103/12/DC994FF3126DC713.html,2020-01-03
//lv.mymetal.net/p/20/0102/12/19D65ED10AA396E6.html,2020-01-02
//lv.mymetal.net/p/20/0101/12/D012459D59691443.html,2020-01-01
//lv.mymetal.net/p/19/1231/12/40910D0271494AFA.html,2019-12-31
//lv.mymetal.net/p/19/1230/12/5D3676000135F614.html,2019-12-30
//lv.mymetal.net/p/19/1229/12/569689777C267DA3.html,2019-12-29
//lv.mymetal.net/p/19/1228/12/DDB8B854D1710A52.html,2019-12-28
//lv.mymetal.net/p/19/1227/12/FC87841F74A439F6.html,2019-12-27
//lv.mymetal.net/p/19/1226/12/4C4EE0304CEA6CB6.html,2019-12-26
//lv.mymetal.net/p/19/1225/12/278BC9917123837A.html,2019-12-25
//lv.mymetal.net/p/19/1224/12/B36014C1B75C3E9A.html,2019-12-24
//lv.mymetal.net/p/19/1223/12/EA62FAB8C05747C1.html,2019-12-23
//lv.mymetal.net/p/19/1222/12/2CE8395A14869FE9.html,2019-12-22
//lv.mymetal.net/p/19/1221/12/083875031A1D11C5.html,2019-12-21
//lv.mymetal.net/p/19/1220/12/C92D0DB6AE6ADC1A.html,2019-12-20
//lv.mymetal.net/p/19/1219/12/DC64BCF1E0B79EFD.html,2019-12-19
//lv.mymetal.net/p/19/1218/12/438F005FBAC4B31E.html,2019-12-18
//lv.mymetal.net/p/19/1217/12/1656080A46A1F434.html,2019-12-17
//lv.mymetal.net/p/19/1216/12/4B342CEF3C8FA4D6.html,2019-12-16
//lv.mymetal.net/p/19/1215/12/2C4DA2F31157A3AC.html,2019-12-15
//lv.mymetal.net/p/19/1214/12/7C35E5026D2C516C.html,2019-12-14
//lv.mymetal.net/p/19/1213/12/5409FC74EEA9D168.html,2019-12-13
//lv.mymetal.net/p/19/1212/12/F9838665F10405D9.html,2019-12-12
//lv.mymetal.net/p/19/1211/12/51E4C0AAACD48E67.html,2019-12-11
//lv.mymetal.net/p/19/1210/12/F201B0B1268FAAD2.html,2019-12-10
//lv.mymetal.net/p/19/1209/12/E9412AC06F494B7C.html,2019-12-09
//lv.mymetal.net/p/19/1208/12/9DD7239E73A90386.html,2019-12-08
//lv.mymetal.net/p/19/1207/12/723BA0A6B38B8FD3.html,2019-12-07
//lv.mymetal.net/p/19/1206/12/600B87BD648F9459.html,2019-12-06
//lv.mymetal.net/p/19/1205/12/EA65206FFAE69E0E.html,2019-12-05
//lv.mymetal.net/p/19/1204/12/9A253CBFCDC51AC9.html,2019-12-04
//lv.mymetal.net/p/19/1203/12/46D6FEB7A87B44DE.html,2019-12-03
//lv.mymetal.net/p/19/1202/12/321132A77222E11F.html,2019-12-02
//lv.mymetal.net/p/19/1201/12/AADBFB67DD7A571C.html,2019-12-01
//lv.mymetal.net/p/19/1130/12/F41D80FF3FCE6C4A.html,2019-11-30
//lv.mymetal.net/p/19/1129/12/2C6457F7ED452543.html,2019-11-29
//lv.mymetal.net/p/19/1128/12/EBC2F1DB24B837A7.html,2019-11-28
//lv.mymetal.net/p/19/1127/12/CF82BED952213F98.html,2019-11-27
//lv.mymetal.net/p/19/1126/12/3BF6476F05EAD49E.html,2019-11-26
//lv.mymetal.net/p/19/1125/12/3208CB88BB2DCED0.html,2019-11-25
//lv.mymetal.net/p/19/1124/12/0333F8138225158D.html,2019-11-24
//lv.mymetal.net/p/19/1123/12/6F090F8488B96354.html,2019-11-23
//lv.mymetal.net/p/19/1122/12/58F202885E24B479.html,2019-11-22
//lv.mymetal.net/p/19/1121/12/AF2065C6406DCA7F.html,2019-11-21
//lv.mymetal.net/p/19/1120/12/F2340AA0A0678668.html,2019-11-20
//lv.mymetal.net/p/19/1119/12/21D95CC9DF682EC8.html,2019-11-19
//lv.mymetal.net/p/19/1118/12/1372C0B9E3F0CD52.html,2019-11-18
//lv.mymetal.net/p/19/1117/12/45FC5AF838211D08.html,2019-11-17
//lv.mymetal.net/p/19/1116/12/909A5E4ADA9324BC.html,2019-11-16
//lv.mymetal.net/p/19/1115/12/7D7329882E092608.html,2019-11-15
//lv.mymetal.net/p/19/1114/12/BAB88A4BD7B9B3EC.html,2019-11-14
//lv.mymetal.net/p/19/1113/12/80AFB7E8C70E7655.html,2019-11-13
//lv.mymetal.net/p/19/1112/12/9F5606FCE5C38EBE.html,2019-11-12
//lv.mymetal.net/p/19/1111/12/E6527CCA708488AE.html,2019-11-11
//lv.mymetal.net/p/19/1110/12/D899A98573E2EA82.html,2019-11-10
//lv.mymetal.net/p/19/1109/12/65386252C22C50FB.html,2019-11-09
//lv.mymetal.net/p/19/1108/12/B2C01E454676639A.html,2019-11-08
//lv.mymetal.net/p/19/1107/12/FFCF2FF83B81F6D9.html,2019-11-07
//lv.mymetal.net/p/19/1106/12/D68084AAF99D8A56.html,2019-11-06
//lv.mymetal.net/p/19/1105/12/BA323C14D8619E7E.html,2019-11-05
//lv.mymetal.net/p/19/1104/12/9E9CCB04DFFD50F9.html,2019-11-04
//lv.mymetal.net/p/19/1103/12/B9817F6B4ABE32BC.html,2019-11-03
//lv.mymetal.net/p/19/1102/12/4BCCD7033E56FA0B.html,2019-11-02
//lv.mymetal.net/p/19/1101/12/620EFCBFDDDEA059.html,2019-11-01
//lv.mymetal.net/p/19/1031/12/87D8711189D84197.html,2019-10-31
//lv.mymetal.net/p/19/1030/12/D33CB57A622B538E.html,2019-10-30
//lv.mymetal.net/p/19/1029/12/B042E24ABF52F032.html,2019-10-29
//lv.mymetal.net/p/19/1028/12/94FC16FD683C7FE3.html,2019-10-28
//lv.mymetal.net/p/19/1027/12/374E70D2A791FFEF.html,2019-10-27
//lv.mymetal.net/p/19/1026/12/0C8110AACE026AF5.html,2019-10-26
//lv.mymetal.net/p/19/1025/12/520CE856C5F81169.html,2019-10-25
//lv.mymetal.net/p/19/1024/12/A0B229B449890F4E.html,2019-10-24
//lv.mymetal.net/p/19/1023/12/469B9918A5A21034.html,2019-10-23
//lv.mymetal.net/p/19/1022/12/52B39EF374038776.html,2019-10-22
//lv.mymetal.net/p/19/1021/12/D3D59215260F4FF7.html,2019-10-21
//lv.mymetal.net/p/19/1020/12/61ED233CB5CBD5EE.html,2019-10-20
//lv.mymetal.net/p/19/1019/12/296C02A0CAFCBF60.html,2019-10-19
//lv.mymetal.net/p/19/1018/12/B5D79AE80EA4DE7F.html,2019-10-18
//lv.mymetal.net/p/19/1017/12/5154D77749D255F2.html,2019-10-17
//lv.mymetal.net/p/19/1016/12/305B38A51DC2B5E0.html,2019-10-16
//lv.mymetal.net/p/19/1015/12/9F72B4BE71EED640.html,2019-10-15
//lv.mymetal.net/p/19/1014/12/0C7FC9D4B9D41A71.html,2019-10-14
//lv.mymetal.net/p/19/1013/12/3456EFE7AAA67FF2.html,2019-10-13
//lv.mymetal.net/p/19/1012/12/DEAEA78316FCAC12.html,2019-10-12
//lv.mymetal.net/p/19/1011/12/7D1CCF8988AC83BA.html,2019-10-11
//lv.mymetal.net/p/19/1010/12/77ED4280DEAD6B18.html,2019-10-10
//lv.mymetal.net/p/19/1009/12/B3A5EC7BC05DD84B.html,2019-10-09
//lv.mymetal.net/p/19/1008/12/D475339807D9CED8.html,2019-10-08
//lv.mymetal.net/p/19/1007/12/5164DC452CD6BB3B.html,2019-10-07
//lv.mymetal.net/p/19/1006/12/F99BA62ACC348FDF.html,2019-10-06
//lv.mymetal.net/p/19/1005/12/4ECD75BE694DBCF4.html,2019-10-05
//lv.mymetal.net/p/19/1004/12/292A3B031CCF69A4.html,2019-10-04
//lv.mymetal.net/p/19/1003/12/1A3D933B0E1CE9B6.html,2019-10-03
//lv.mymetal.net/p/19/1002/12/E97A139F1D9AC9BC.html,2019-10-02
//lv.mymetal.net/p/19/1001/12/A3957C6712FBE91A.html,2019-10-01
//lv.mymetal.net/p/19/0930/12/E30501F261EC6830.html,2019-09-30
//lv.mymetal.net/p/19/0929/12/54E57C9F45AD36AB.html,2019-09-29
//lv.mymetal.net/p/19/0928/12/C22EF95FA1699A91.html,2019-09-28
//lv.mymetal.net/p/19/0927/12/D8DDA8DDA8F92FAE.html,2019-09-27
//lv.mymetal.net/p/19/0926/12/FB2E82AF726308B7.html,2019-09-26
//lv.mymetal.net/p/19/0925/12/DAF4EE5CBFF22A1F.html,2019-09-25
//lv.mymetal.net/p/19/0924/12/9D7376ED4EF12F6D.html,2019-09-24
//lv.mymetal.net/p/19/0923/12/4162C99FE63E3E6F.html,2019-09-23
//lv.mymetal.net/p/19/0922/12/BD75DCA5EA1BFC26.html,2019-09-22
//lv.mymetal.net/p/19/0921/12/88FEBDEF5F4B40F0.html,2019-09-21
//lv.mymetal.net/p/19/0920/12/C6BD21C315217C8C.html,2019-09-20
//lv.mymetal.net/p/19/0919/12/3DED1555C7C9125B.html,2019-09-19
//lv.mymetal.net/p/19/0918/12/26FD0C2FFC3668A4.html,2019-09-18
//lv.mymetal.net/p/19/0917/12/841B292484CE9BC3.html,2019-09-17
//lv.mymetal.net/p/19/0916/12/7034B860315BB637.html,2019-09-16
//lv.mymetal.net/p/19/0915/12/F01D86679D1A0CD8.html,2019-09-15
//lv.mymetal.net/p/19/0914/12/65AF44E51BD8EDB8.html,2019-09-14
//lv.mymetal.net/p/19/0913/12/A8B133AD69FCCE72.html,2019-09-13
//lv.mymetal.net/p/19/0912/12/B8B806641EA1BEF4.html,2019-09-12
//lv.mymetal.net/p/19/0911/12/F645936A0D8630F5.html,2019-09-11
//lv.mymetal.net/p/19/0910/12/18AC1140E846FF8F.html,2019-09-10
//lv.mymetal.net/p/19/0909/12/D8ABB25C116F6E60.html,2019-09-09
//lv.mymetal.net/p/19/0908/12/638F761E83037992.html,2019-09-08
//lv.mymetal.net/p/19/0907/12/9F96F93B797BB3BA.html,2019-09-07
//lv.mymetal.net/p/19/0906/12/5F86E9A05E0C9253.html,2019-09-06
//lv.mymetal.net/p/19/0905/12/1701396E1D6C184F.html,2019-09-05
//lv.mymetal.net/p/19/0904/12/C33BDE60A992FA2B.html,2019-09-04
//lv.mymetal.net/p/19/0903/12/B54698ACF7C74289.html,2019-09-03
//lv.mymetal.net/p/19/0902/12/BF9280C6E36C8CD3.html,2019-09-02
//lv.mymetal.net/p/19/0901/12/69DE646752285592.html,2019-09-01
//lv.mymetal.net/p/19/0831/12/50AC0892178176C4.html,2019-08-31
//lv.mymetal.net/p/19/0830/12/67300A06FA24D77A.html,2019-08-30
//lv.mymetal.net/p/19/0829/12/A08A4B6163C628D4.html,2019-08-29
//lv.mymetal.net/p/19/0828/12/EA50ADB1C7D6B029.html,2019-08-28
//lv.mymetal.net/p/19/0827/12/C8752B48370F43C0.html,2019-08-27
//lv.mymetal.net/p/19/0826/12/AE8BFAF659EFED99.html,2019-08-26
//lv.mymetal.net/p/19/0825/12/1CA9E57765F0E663.html,2019-08-25
//lv.mymetal.net/p/19/0824/12/2A4619CCBEFED307.html,2019-08-24
//lv.mymetal.net/p/19/0823/12/E7F2C53B195C8BFF.html,2019-08-23
//lv.mymetal.net/p/19/0822/12/0F086E5DC15C3B21.html,2019-08-22
//lv.mymetal.net/p/19/0821/12/A0810D2955140792.html,2019-08-21
//lv.mymetal.net/p/19/0820/12/8FE8681D7E790C73.html,2019-08-20
//lv.mymetal.net/p/19/0819/12/2B5E6A266F81B795.html,2019-08-19
//lv.mymetal.net/p/19/0818/12/20F53C651C3D87D8.html,2019-08-18
//lv.mymetal.net/p/19/0817/12/96873E8FC277B67A.html,2019-08-17
//lv.mymetal.net/p/19/0816/12/29CF66B6D9B272E7.html,2019-08-16
//lv.mymetal.net/p/19/0815/12/F4765CE12ECBCFB2.html,2019-08-15
//lv.mymetal.net/p/19/0814/12/6065DEDC25849F5E.html,2019-08-14
//lv.mymetal.net/p/19/0813/12/DDA78AF19A66681F.html,2019-08-13
//lv.mymetal.net/p/19/0812/12/2D70ED429DE19F2B.html,2019-08-12
//lv.mymetal.net/p/19/0811/12/CAF4C1936CD6610C.html,2019-08-11
//lv.mymetal.net/p/19/0810/12/0D4CFC89C6B13609.html,2019-08-10
//lv.mymetal.net/p/19/0809/12/63966C49B8846BD9.html,2019-08-09
//lv.mymetal.net/p/19/0808/12/B1AD640B861492B2.html,2019-08-08
//lv.mymetal.net/p/19/0807/12/DDC70ED829A2DFA7.html,2019-08-07
//lv.mymetal.net/p/19/0806/12/E62AA79B3F90D7D5.html,2019-08-06
//lv.mymetal.net/p/19/0805/12/788267D773307737.html,2019-08-05
//lv.mymetal.net/p/19/0804/12/C3B1F6D232CD8EF4.html,2019-08-04
//lv.mymetal.net/p/19/0803/12/6A0A2C1E1C465E52.html,2019-08-03
//lv.mymetal.net/p/19/0802/12/7B0F2C4D59897A3C.html,2019-08-02
//lv.mymetal.net/p/19/0801/12/DAFB72EEB409B96D.html,2019-08-01
//lv.mymetal.net/p/19/0731/12/6997AAA02A20B929.html,2019-07-31
//lv.mymetal.net/p/19/0730/12/803D7E4C8AD5C8C8.html,2019-07-30
//lv.mymetal.net/p/19/0729/12/6B32FB92788B10B5.html,2019-07-29
//lv.mymetal.net/p/19/0728/12/A8A8FE72624FCB41.html,2019-07-28
//lv.mymetal.net/p/19/0727/12/356427ECC769D007.html,2019-07-27
//lv.mymetal.net/p/19/0726/12/FCB1BAD82FFE18D5.html,2019-07-26
//lv.mymetal.net/p/19/0725/12/15772313AEDBF138.html,2019-07-25
//lv.mymetal.net/p/19/0724/12/89540B08A9FBCC46.html,2019-07-24
//lv.mymetal.net/p/19/0723/12/CD630244F07FF1CE.html,2019-07-23
//lv.mymetal.net/p/19/0722/12/3B58DC24292E0C73.html,2019-07-22
//lv.mymetal.net/p/19/0721/12/A93AB8D1396D5704.html,2019-07-21
//lv.mymetal.net/p/19/0720/12/357AFB043435D1A5.html,2019-07-20
//lv.mymetal.net/p/19/0719/12/6515F78E7707F623.html,2019-07-19
//lv.mymetal.net/p/19/0718/12/92F2C64C59A6FE92.html,2019-07-18
//lv.mymetal.net/p/19/0717/12/8BFA626A2941B552.html,2019-07-17
//lv.mymetal.net/p/19/0716/12/8214051513F45DCF.html,2019-07-16
//lv.mymetal.net/p/19/0715/12/967EDCDB118BFBA3.html,2019-07-15
//lv.mymetal.net/p/19/0714/12/65ECC623310ECA45.html,2019-07-14
//lv.mymetal.net/p/19/0713/12/740DFF2303E57576.html,2019-07-13
//lv.mymetal.net/p/19/0712/12/D06981F5441EB2B5.html,2019-07-12
//lv.mymetal.net/p/19/0711/12/AB88EA6D2C2A6175.html,2019-07-11
//lv.mymetal.net/p/19/0710/12/CEC3018686BCAF75.html,2019-07-10
//lv.mymetal.net/p/19/0709/12/4763C3501C80049D.html,2019-07-09
//lv.mymetal.net/p/19/0708/12/B37B89755537D39C.html,2019-07-08
//lv.mymetal.net/p/19/0707/12/8F847CCE9D5597DC.html,2019-07-07
//lv.mymetal.net/p/19/0706/12/1AA0C91E86210ACB.html,2019-07-06
//lv.mymetal.net/p/19/0705/12/9E705778D960D818.html,2019-07-05
//lv.mymetal.net/p/19/0704/12/49F97BB98DB1DC36.html,2019-07-04
//lv.mymetal.net/p/19/0703/12/37E5C1D7FB79D7BC.html,2019-07-03
//lv.mymetal.net/p/19/0702/12/8548F4395E554A8D.html,2019-07-02
//lv.mymetal.net/p/19/0701/12/21567D51A955ACE7.html,2019-07-01
//lv.mymetal.net/p/19/0630/12/FD1EC4D6F1986154.html,2019-06-30
//lv.mymetal.net/p/19/0629/12/AF6C6187BC2397C5.html,2019-06-29
//lv.mymetal.net/p/19/0628/12/A24EC16F805323A0.html,2019-06-28
//lv.mymetal.net/p/19/0627/12/9375FDF77C77DD0A.html,2019-06-27
//lv.mymetal.net/p/19/0626/12/3095ED97216C78D9.html,2019-06-26
//lv.mymetal.net/p/19/0625/12/B56777E63BCB46D4.html,2019-06-25
//lv.mymetal.net/p/19/0624/12/9A949838B73E85BE.html,2019-06-24
//lv.mymetal.net/p/19/0623/12/EC1D04C3B50FB5E0.html,2019-06-23
//lv.mymetal.net/p/19/0622/12/FD7F61DBD3790801.html,2019-06-22
//lv.mymetal.net/p/19/0621/12/A0B88C805B185947.html,2019-06-21
//lv.mymetal.net/p/19/0620/12/095DDB84F7D8B670.html,2019-06-20
//lv.mymetal.net/p/19/0619/12/2C735E33C523BB36.html,2019-06-19
//lv.mymetal.net/p/19/0618/12/E1EFB51F7BCEEDE0.html,2019-06-18
//lv.mymetal.net/p/19/0617/12/42137009D0591BF7.html,2019-06-17
//lv.mymetal.net/p/19/0616/12/D10B529420F897B9.html,2019-06-16
//lv.mymetal.net/p/19/0615/12/A3EB69CA43B51AAB.html,2019-06-15
//lv.mymetal.net/p/19/0614/12/D83C069807B2750C.html,2019-06-14
//lv.mymetal.net/p/19/0613/12/704B6FAE558C3C68.html,2019-06-13
//lv.mymetal.net/p/19/0612/12/ABD2D84E1A5034B7.html,2019-06-12
//lv.mymetal.net/p/19/0611/12/A4DE44FDA8370326.html,2019-06-11
//lv.mymetal.net/p/19/0610/12/567CDA3E65060D1E.html,2019-06-10
//lv.mymetal.net/p/19/0609/12/D0E3A03FD50700F4.html,2019-06-09
//lv.mymetal.net/p/19/0608/12/76EB927C343EAFE7.html,2019-06-08
//lv.mymetal.net/p/19/0607/12/94089F67D8AD0F71.html,2019-06-07
//lv.mymetal.net/p/19/0606/12/144EA95732C5C94D.html,2019-06-06
//lv.mymetal.net/p/19/0605/12/75791BE68A80FA7E.html,2019-06-05
//lv.mymetal.net/p/19/0604/12/88F6486944739919.html,2019-06-04
//lv.mymetal.net/p/19/0603/12/47CD0A9C47AD3FF1.html,2019-06-03
//lv.mymetal.net/p/19/0602/12/20032F1D1E649F1F.html,2019-06-02
//lv.mymetal.net/p/19/0601/12/6B6F64518A966CAF.html,2019-06-01
//lv.mymetal.net/p/19/0531/12/B5A90489B9EB89C1.html,2019-05-31
//lv.mymetal.net/p/19/0530/12/151AE4FD77FBB9DA.html,2019-05-30
//lv.mymetal.net/p/19/0529/12/E360B570F2E2F81B.html,2019-05-29
//lv.mymetal.net/p/19/0528/12/029EBA67ECEDB368.html,2019-05-28
//lv.mymetal.net/p/19/0527/12/DC40C8B1395F44BC.html,2019-05-27
//lv.mymetal.net/p/19/0526/12/20B30C801560F611.html,2019-05-26
//lv.mymetal.net/p/19/0525/12/AB0B41EBB58D548F.html,2019-05-25
//lv.mymetal.net/p/19/0524/12/B54E3EC30E0BF267.html,2019-05-24
//lv.mymetal.net/p/19/0523/12/E03B5C783F9ACA29.html,2019-05-23
//lv.mymetal.net/p/19/0522/12/7207B63026E5FB73.html,2019-05-22
//lv.mymetal.net/p/19/0521/12/0F6AFC4CF8A42E33.html,2019-05-21
//lv.mymetal.net/p/19/0520/12/62BD952011201372.html,2019-05-20
//lv.mymetal.net/p/19/0519/12/5EAF553A878680F8.html,2019-05-19
//lv.mymetal.net/p/19/0518/12/B03A3A10F3B1CBE9.html,2019-05-18
//lv.mymetal.net/p/19/0517/12/C3B519D6AF15A81F.html,2019-05-17
//lv.mymetal.net/p/19/0516/12/A4FF3C5284935C8B.html,2019-05-16
//lv.mymetal.net/p/19/0515/12/ED518184A7CC20EC.html,2019-05-15
//lv.mymetal.net/p/19/0514/12/4B3F88B0941B0F65.html,2019-05-14
//lv.mymetal.net/p/19/0513/12/C1F10EF5241E51C7.html,2019-05-13
//lv.mymetal.net/p/19/0512/12/8192EE87FE545179.html,2019-05-12
//lv.mymetal.net/p/19/0511/12/732881B8D71E0D08.html,2019-05-11
//lv.mymetal.net/p/19/0510/12/895C7B1E152A9EE6.html,2019-05-10
//lv.mymetal.net/p/19/0509/12/690FB1612D01F914.html,2019-05-09
//lv.mymetal.net/p/19/0508/12/5A94BA015FF7DB69.html,2019-05-08
//lv.mymetal.net/p/19/0507/12/9E525E6B1658DBDD.html,2019-05-07
//lv.mymetal.net/p/19/0506/12/6FF4E725D6F54671.html,2019-05-06
//lv.mymetal.net/p/19/0505/12/EC1B8401F081F6B4.html,2019-05-05
//lv.mymetal.net/p/19/0504/12/B0F987BFB2786DBD.html,2019-05-04
//lv.mymetal.net/p/19/0503/12/A8B3A07B8D05B280.html,2019-05-03
//lv.mymetal.net/p/19/0502/12/EAEA162BFB846C91.html,2019-05-02
//lv.mymetal.net/p/19/0501/12/BE9CBFC0E3D3CFF9.html,2019-05-01
//lv.mymetal.net/p/19/0430/12/31CAC1017F9F19A0.html,2019-04-30
//lv.mymetal.net/p/19/0429/12/7DACB5A066D52F3C.html,2019-04-29
//lv.mymetal.net/p/19/0428/12/0B2D45EDF477A6AA.html,2019-04-28
//lv.mymetal.net/p/19/0427/12/76982F46384992F4.html,2019-04-27
//lv.mymetal.net/p/19/0426/12/BD53E340493630C5.html,2019-04-26
//lv.mymetal.net/p/19/0425/12/579FF29BA177E70E.html,2019-04-25
//lv.mymetal.net/p/19/0424/12/16F35E1DB26CB24B.html,2019-04-24
//lv.mymetal.net/p/19/0423/12/28F5414F7C60A57A.html,2019-04-23
//lv.mymetal.net/p/19/0422/12/45801A0F71991C42.html,2019-04-22
//lv.mymetal.net/p/19/0421/12/1FBD5DF97EE644D6.html,2019-04-21
//lv.mymetal.net/p/19/0420/12/7274477E4E3DBB89.html,2019-04-20
//lv.mymetal.net/p/19/0419/12/0095D2BFB1091336.html,2019-04-19
//lv.mymetal.net/p/19/0418/12/EAC6EBA652B24BAD.html,2019-04-18
//lv.mymetal.net/p/19/0417/12/5087481BD2E66A37.html,2019-04-17
//lv.mymetal.net/p/19/0416/12/14C050E3A59474F9.html,2019-04-16
//lv.mymetal.net/p/19/0415/12/CE2A1E054F6839DB.html,2019-04-15
//lv.mymetal.net/p/19/0414/12/CB1E3B903343E9BD.html,2019-04-14
//lv.mymetal.net/p/19/0413/12/4C7C238774CF5BB2.html,2019-04-13
//lv.mymetal.net/p/19/0412/12/B13752E2C1108F13.html,2019-04-12
//lv.mymetal.net/p/19/0411/12/D96AE5E87BC3B147.html,2019-04-11
//lv.mymetal.net/p/19/0410/12/0DF0D70928E4D0C3.html,2019-04-10
//lv.mymetal.net/p/19/0409/12/C76B7562E59279AD.html,2019-04-09
//lv.mymetal.net/p/19/0408/12/5434BC60CC8B0CDE.html,2019-04-08
//lv.mymetal.net/p/19/0407/12/E55DD7E24C54060A.html,2019-04-07
//lv.mymetal.net/p/19/0406/12/CC85D2C46DFD0A18.html,2019-04-06
//lv.mymetal.net/p/19/0405/12/335A20E805225B55.html,2019-04-05
//lv.mymetal.net/p/19/0404/12/A66688FA47687965.html,2019-04-04
//lv.mymetal.net/p/19/0403/12/B77BAA9D88033129.html,2019-04-03
//lv.mymetal.net/p/19/0402/12/BB91524314DFFFFD.html,2019-04-02
//lv.mymetal.net/p/19/0401/12/41576CC7101F9DD5.html,2019-04-01
//lv.mymetal.net/p/19/0331/12/0C1DAB8E5C6508FC.html,2019-03-31
//lv.mymetal.net/p/19/0330/12/38377CE5BB5248D7.html,2019-03-30
//lv.mymetal.net/p/19/0329/12/84D742DB28DDCB41.html,2019-03-29
//lv.mymetal.net/p/19/0328/12/0CAEA4BDA57C8D37.html,2019-03-28
//lv.mymetal.net/p/19/0327/12/E013455FDB6D3BF0.html,2019-03-27
//lv.mymetal.net/p/19/0326/12/6F99EFFD554BF1B5.html,2019-03-26
//lv.mymetal.net/p/19/0325/12/E2767B16140012F4.html,2019-03-25
//lv.mymetal.net/p/19/0324/12/CD3B41C046BA4E80.html,2019-03-24
//lv.mymetal.net/p/19/0323/12/0DBB83EB92D81F50.html,2019-03-23
//lv.mymetal.net/p/19/0322/12/B53DC3E5713266B4.html,2019-03-22
//lv.mymetal.net/p/19/0321/12/5DAA15A15826D3D2.html,2019-03-21
//lv.mymetal.net/p/19/0320/12/1B7C61639CECFD76.html,2019-03-20
//lv.mymetal.net/p/19/0319/12/3A5C997581F9280E.html,2019-03-19
//lv.mymetal.net/p/19/0318/12/8075FD1C24072452.html,2019-03-18
//lv.mymetal.net/p/19/0317/12/BAE59950F84B64C1.html,2019-03-17
//lv.mymetal.net/p/19/0316/12/63D72526702360C7.html,2019-03-16
//lv.mymetal.net/p/19/0315/12/830016E6779A2528.html,2019-03-15
//lv.mymetal.net/p/19/0314/12/B0D5C3E289F87236.html,2019-03-14
//lv.mymetal.net/p/19/0313/12/CA493A67C877E7BB.html,2019-03-13
//lv.mymetal.net/p/19/0312/12/768EE8AC94772378.html,2019-03-12
//lv.mymetal.net/p/19/0311/12/2DA12EA6027FC4E7.html,2019-03-11
//lv.mymetal.net/p/19/0310/12/D7281198679A9A44.html,2019-03-10
//lv.mymetal.net/p/19/0309/12/DA993FDD45F01CFF.html,2019-03-09
//lv.mymetal.net/p/19/0308/12/F8500862D812200C.html,2019-03-08
//lv.mymetal.net/p/19/0307/12/BA64AFC6849A89FF.html,2019-03-07
//lv.mymetal.net/p/19/0306/12/A86BB039AC482C41.html,2019-03-06
//lv.mymetal.net/p/19/0305/12/1BD3BFE31ED158DD.html,2019-03-05
//lv.mymetal.net/p/19/0304/12/6F5EEE37B09C817A.html,2019-03-04
//lv.mymetal.net/p/19/0303/12/E2099691258BB91C.html,2019-03-03
//lv.mymetal.net/p/19/0302/12/A3F93A372B1414E8.html,2019-03-02
//lv.mymetal.net/p/19/0301/12/F3D64CD88F32F715.html,2019-03-01
//lv.mymetal.net/p/19/0228/12/351B9D66C7DDC0AB.html,2019-02-28
//lv.mymetal.net/p/19/0227/12/C90094AE01CC7E6A.html,2019-02-27
//lv.mymetal.net/p/19/0226/12/BCB1B8466BAAEA35.html,2019-02-26
//lv.mymetal.net/p/19/0225/12/6773B4F3C64EEEEF.html,2019-02-25
//lv.mymetal.net/p/19/0224/12/365C33CF4D63898C.html,2019-02-24
//lv.mymetal.net/p/19/0223/12/4369CFDD04769A84.html,2019-02-23
//lv.mymetal.net/p/19/0222/12/45217B70B69F2ED1.html,2019-02-22
//lv.mymetal.net/p/19/0221/12/444082CB9A7E1169.html,2019-02-21
//lv.mymetal.net/p/19/0220/12/6DD56D30DC42BE17.html,2019-02-20
//lv.mymetal.net/p/19/0219/12/2F26252F1775D23E.html,2019-02-19
//lv.mymetal.net/p/19/0218/12/ED1C2FF9ABEFFB99.html,2019-02-18
//lv.mymetal.net/p/19/0217/12/E9B7430C75314DCC.html,2019-02-17
//lv.mymetal.net/p/19/0216/12/77127B428CE0D1E1.html,2019-02-16
//lv.mymetal.net/p/19/0215/12/15E83BAC136D3F50.html,2019-02-15
//lv.mymetal.net/p/19/0214/12/2FF2F011E6E078A1.html,2019-02-14
//lv.mymetal.net/p/19/0213/12/528C68342B578EA5.html,2019-02-13
//lv.mymetal.net/p/19/0212/12/D0F65231F9479807.html,2019-02-12
//lv.mymetal.net/p/19/0211/12/881936BFFE00DEA9.html,2019-02-11
//lv.mymetal.net/p/19/0210/12/0B67A13ED2CDA179.html,2019-02-10
//lv.mymetal.net/p/19/0209/12/B1B82812162742BF.html,2019-02-09
//lv.mymetal.net/p/19/0208/12/A950312FFF3EA1E4.html,2019-02-08
//lv.mymetal.net/p/19/0207/12/B1360139DEB1B54E.html,2019-02-07
//lv.mymetal.net/p/19/0206/12/C1E1A4499C33B7A3.html,2019-02-06
//lv.mymetal.net/p/19/0205/12/B630DE2169172893.html,2019-02-05
//lv.mymetal.net/p/19/0204/12/EA67430D9B20963D.html,2019-02-04
//lv.mymetal.net/p/19/0203/12/5BB07CE09F0D3769.html,2019-02-03
//lv.mymetal.net/p/19/0202/12/C29A11056BB00E11.html,2019-02-02
//lv.mymetal.net/p/19/0201/12/C6EF98FA9D00BB3F.html,2019-02-01
//lv.mymetal.net/p/19/0131/12/3E0685A02507C942.html,2019-01-31
//lv.mymetal.net/p/19/0130/12/A3E51E5AB0F0C886.html,2019-01-30
//lv.mymetal.net/p/19/0129/12/CB35D40309217D65.html,2019-01-29
//lv.mymetal.net/p/19/0128/12/43BF987136E4BE0C.html,2019-01-28
//lv.mymetal.net/p/19/0127/12/68B8795643A09D31.html,2019-01-27
//lv.mymetal.net/p/19/0126/12/3CCCBD052EC80C4F.html,2019-01-26
//lv.mymetal.net/p/19/0125/12/623EDE2D3DE56187.html,2019-01-25
//lv.mymetal.net/p/19/0124/12/631AD5AE2C52C227.html,2019-01-24
//lv.mymetal.net/p/19/0123/12/1539C1C69713A45D.html,2019-01-23
//lv.mymetal.net/p/19/0122/12/1616AA7CD05FE066.html,2019-01-22
//lv.mymetal.net/p/19/0121/12/2CBF3DD8D6C4E1BE.html,2019-01-21
//lv.mymetal.net/p/19/0120/12/09F4303D576D237F.html,2019-01-20
//lv.mymetal.net/p/19/0119/12/04EE03D8F10B39B2.html,2019-01-19
//lv.mymetal.net/p/19/0118/12/5ACEBB753C47DE50.html,2019-01-18
//lv.mymetal.net/p/19/0117/12/A9C9AEC5F39DB8A9.html,2019-01-17
//lv.mymetal.net/p/19/0116/12/D3D45940F60D9670.html,2019-01-16
//lv.mymetal.net/p/19/0115/12/272763D83552722C.html,2019-01-15
//lv.mymetal.net/p/19/0114/12/3632AB2DAE17824D.html,2019-01-14
//lv.mymetal.net/p/19/0113/12/EFC0880C526049DB.html,2019-01-13
//lv.mymetal.net/p/19/0112/12/42A980F23D08B4F6.html,2019-01-12
//lv.mymetal.net/p/19/0111/12/2FEC2B8262A11A19.html,2019-01-11
//lv.mymetal.net/p/19/0110/12/9F89D705FCD85578.html,2019-01-10
//lv.mymetal.net/p/19/0110/12/983BB9AFF4DCA037.html,2019-01-10
//lv.mymetal.net/p/19/0109/12/DBFC04E0A3008AF0.html,2019-01-09
//lv.mymetal.net/p/19/0108/12/954FE92DA3DCEEE3.html,2019-01-08
//lv.mymetal.net/p/19/0107/12/6B55EDF9D2928729.html,2019-01-07
//lv.mymetal.net/p/19/0106/12/69C09F9E19232730.html,2019-01-06
//lv.mymetal.net/p/19/0105/12/959D210E7CFFC35C.html,2019-01-05
//lv.mymetal.net/p/19/0104/12/F9B42E58E3536B10.html,2019-01-04
//lv.mymetal.net/p/19/0103/12/36BC0A97CEAC113A.html,2019-01-03
//lv.mymetal.net/p/19/0103/12/A84198FD636DC68A.html,2019-01-03
//lv.mymetal.net/p/19/0102/12/FE8BE910933ABFD2.html,2019-01-02
